ID,1,2,3,4
0,0.5346926731493926,0.30346733171128537,0.7710207159405059,0.14983814299794962
7,0.039442346639135595,0.2350079113960849,0.6762354589038075,0.5209894909482986
18,0.15725158066183464,0.7941064968067849,0.15301375791367322,0.5345470336214853
35,0.24644530008238874,0.7018074693611251,0.7546984689516317,0.6082187922776516
1,0.31267092951742514,0.93283848782869,0.5438653113645286,0.36534378121784283
2,0.47032443063731244,0.8054869562824484,0.8150173858613646,0.8844381893609978
3,0.6223934597649161,0.8969731658741174,0.9213986508115894,0.6724616319768272
5,0.8196807144531033,0.37735518327291495,0.4011181559694793,0.6345289777200003
11,0.7499308018683478,0.2979209668482288,0.9760316471378341,0.8442917755014825
15,0.743388441339552,0.605685321869147,0.3989975460306123,0.5678677618245179
19,0.5828262824257252,0.5211651680633312,0.7716139494249283,0.6326974324302377
20,0.051683975954801675,0.766407485477927,0.16167848825798092,0.6051424619576956
10,0.9776905364618866,0.13894728117084376,0.5631953220185849,0.17275397602959774
22,0.828768179582238,0.683490949768208,0.21473112693858498,0.757214911082031
23,0.15007630425489815,0.3379666434384416,0.19128024635039254,0.2217392043123111
59,0.25458522180441734,0.8558174165580106,0.418394767531856,0.3943795863272248
4,0.008315270080101467,0.39183930863692185,0.06172961360370244,0.7592408307379427
87,0.12969822889920657,0.6352211271297299,0.18209905875618537,0.3690280326492166
117,0.2226269052404416,0.830694533675403,0.37908766303237096,0.9572464313120748
163,0.3084279804351776,0.009590704961558005,0.23955663854663545,0.7932935773541167
305,0.6507542865734443,0.008128292456720199,0.9386820473046494,0.7711450534910373
368,0.9292700662809508,0.09405232645398376,0.9601427820243437,0.3234298784995635
446,0.09155393060246952,0.6353500980730687,0.12841040247721192,0.00022487104322810314
607,0.6069923856749634,0.44018016816455696,0.9504975289302986,0.1559556943864071
656,0.3011460842149458,0.4448957356845813,0.4578321550213802,0.43454989420021506
27,0.5047145182878515,0.08879598603658945,0.407772459683993,0.40595090704017744
47,0.1335088431367505,0.04968592009528128,0.8089000184596272,0.07983998969884187
6,0.6607248565172738,0.5755256024332056,0.6050062439873592,0.47347924197088886
8,0.20772345655142332,0.33061269452285424,0.42524718134614614,0.3501628812144957
17,0.6481575190583623,0.07473771790441663,0.8758018362428417,0.259264258359584
25,0.6840531298714877,0.7498655112063168,0.6180877985612312,0.26768844523606516
16,0.4704445879677107,0.020155825668205618,0.48361159659072606,0.9156594109671314
26,0.3556656182369362,0.13893945558513077,0.4275129545172913,0.6232743702086432
29,0.7824992347306924,0.6492225224101351,0.07315825106056906,0.12887340538095515
31,0.4545656563375633,0.0659928601071661,0.308022973152286,0.8091339349559387
32,0.22800942747438957,0.9296261073014456,0.8024204086309557,0.9989266529319293
33,0.166498378433113,0.8071608591763144,0.6717976276971953,0.20697478304537786
36,0.4141879444014762,0.04052120013538063,0.9564218664680029,0.5578355835393709
38,0.6948967801198055,0.8300459299919947,0.25883864762593833,0.5009657116921672
39,0.5407054182899738,0.2185131010574094,0.11694352083478232,0.25245270646094864
41,0.5754634629806127,0.9186103307068141,0.49631412543477615,0.3422694562286078
43,0.23923614907855717,0.524233273191528,0.7510267743431076,0.9087679126887248
44,0.9054720750346985,0.9157394863842303,0.8542681833513042,0.8797098175098971
45,0.05980031178656742,0.04413781568899189,0.4236292270164814,0.3542625260760657
48,0.5972955104705625,0.29605727813076366,0.7685106182347979,0.22790688174966534
54,0.8029045451217106,0.22734609270116635,0.06360916641004766,0.26990000938814274
57,0.8748370606961418,0.177499681410779,0.4847598066749065,0.795236818690919
58,0.016000469570981557,0.8917564702204165,0.5541545318237294,0.7707907244970378
116,0.2571467309775052,0.2951567891975908,0.48360981723177643,0.5906252598271143
9,0.2978135190605502,0.8033120667173191,0.035393365568411994,0.7912556583933644
49,0.14356669931253963,0.14172564754024886,0.3784646816795184,0.15903394450630004
12,0.7312029587139758,0.5923546050753044,0.19240781383068062,0.6513862794866115
40,0.8326352818754323,0.8003686260961262,0.5723167605998382,0.5731552814487787
63,0.28266595072528145,0.48638357691888545,0.4381901305279602,0.033145952339793006
70,0.5893992809593794,0.8156938130499825,0.94080407569506,0.7431586576926285
77,0.16026313867480324,0.43439187414372027,0.08662866296843152,0.9116379049739342
94,0.9745573766164254,0.16108557351421093,0.47110985871030064,0.38846308093738224
95,0.5948945019878772,0.6075085716099122,0.1257879650219461,0.2442103374682154
126,0.019753734703200077,0.9715696631734693,0.9126798458042373,0.6230399599009101
162,0.843602897178354,0.8881098511900082,0.9098317046383092,0.11322046005215625
165,0.9030716067015374,0.2521820211566488,0.9984126349249899,0.1429542397390322
189,0.05990600865446083,0.595565212267489,0.5103166994388387,0.9987813313384568
195,0.8934799287583683,0.8996792661140226,0.5613317532004187,0.10993166464452475
206,0.5778118900157014,0.34480628238130806,0.45061533514474683,0.4138977847805767
229,0.13511406595643582,0.36522474426333396,0.025455523536719205,0.2984853942558974
13,0.1597775475206934,0.8495281139970947,0.6274252723173269,0.8601226451003889
46,0.560154247008478,0.22510902886383732,0.7302183026025342,0.606759279002148
55,0.21508265679502248,0.036991258069800526,0.6474300640541568,0.33597790916589176
62,0.49227055583239876,0.20578528099047233,0.8522424255882646,0.2761936551803853
97,0.6623481509470039,0.4438816465041009,0.926636018044247,0.32397855333040737
109,0.8000929966295156,0.5473808509282209,0.8946709062256127,0.5618471617850757
14,0.7818533266177473,0.6004508848644999,0.2297852580598556,0.5304056914821905
24,0.9149342351429737,0.3216428606565451,0.034680126114923326,0.22229838587437867
65,0.4740721630411733,0.6679315750472586,0.18117732702943679,0.8357701729519009
78,0.9211351016771818,0.9352334984388497,0.18007057735372656,0.20484934728745618
272,0.3095894642855721,0.050608000520950935,0.9895738794959702,0.9933661086502447
21,0.2604260783636603,0.78004286741873,0.44880577569842284,0.021238369827066506
66,0.8779035988586651,0.6769814277097828,0.31906257770469215,0.2789873416437313
69,0.09908980052049932,0.16966552477383035,0.20288181594394195,0.4673019415316223
103,0.6646804623006648,0.2676772535464349,0.8099531814335903,0.15601150086563964
122,0.9018846943355936,0.7468579740256002,0.5870519344338924,0.05072207309877663
157,0.15474724428319042,0.8438099839107104,0.8768492463282761,0.8060289064573141
407,0.09370485897282166,0.042977795822798925,0.9652167675697501,0.9158870613545576
535,0.3965105410842146,0.9579672636053516,0.8239857161006785,0.6893866404726346
554,0.9926405317954866,0.38206244051823757,0.7620884251310994,0.6160122945297356
616,0.7496667248237975,0.14647808496326653,0.5439776718076595,0.5480267600232236
52,0.6745961678768118,0.3996581509458764,0.36600668093834277,0.2533890083867224
74,0.2040538407483411,0.15446439109856847,0.6148251713109066,0.685986067400941
89,0.8964359271074501,0.22615448536007066,0.3631883667392566,0.568030656765657
99,0.9283653020421022,0.004018976625886794,0.7997031042132936,0.841821525803557
111,0.4430438183509934,0.41768119823535244,0.13850017183419228,0.47575721185956676
123,0.525316181778352,0.33641723022945424,0.767063282462697,0.853071648863099
145,0.9129355608057277,0.39568020460823516,0.7233734272865912,0.9011654210400647
149,0.28456847254805173,0.7334907412532632,0.5999367468818578,0.5691132992123216
150,0.763661303230455,0.6871686555362757,0.6809554411882233,0.8341728004659639
30,0.9153839704789757,0.8386599713472791,0.4069341656046822,0.46769970156339635
51,0.012406973484608952,0.5810209035721534,0.7336202197740093,0.34420055048256604
28,0.9882354413049109,0.5583293132359822,0.7563634232240032,0.04726809842585877
86,0.6041639957109287,0.5354600994962498,0.19212964863195459,0.1132480678343234
34,0.11259907931611268,0.9180496506062009,0.15049497822448554,0.6066887390862066
42,0.760150028306194,0.4771737845029923,0.9645696126121936,0.9149113841862287
105,0.7864473997776836,0.04019342653992242,0.6203444479835863,0.8298542485549117
147,0.11756536261281914,0.26798162862526165,0.5421420521055383,0.47819946402413727
194,0.6593127999234913,0.5853886515784987,0.2884980432225639,0.14879713173244002
211,0.5756297195230579,0.7186327624676924,0.9266906577481866,0.7864649160467045
256,0.37117835592986237,0.40477723955898537,0.18629264211368057,0.6813307034472131
37,0.5855354208513014,0.6522028449115634,0.23597363582285602,0.541087138727604
198,0.9778246030474883,0.03964604677300376,0.5299795303407343,0.8841796461250083
68,0.6413598690728951,0.6302059411631022,0.342727470625238,0.09784323544047147
53,0.019550578091259263,0.7030712539010547,0.43724172724981625,0.8560109921139257
81,0.7614653404197026,0.4197116867469636,0.6452426960861048,0.9124507065505302
90,0.7426173742015322,0.10991922332233484,0.8873951464408233,0.26347972897334404
96,0.4869707604398553,0.27738437249398473,0.23257619630692183,0.9588981166854763
120,0.4418664501870204,0.12522496383125925,0.3472440165259474,0.7775333645052289
160,0.35846287195853666,0.2759826596007744,0.30098168635163136,0.7086563324719638
192,0.5495211167528233,0.09856006535597306,0.8292401270953477,0.04702259288927968
75,0.7537298019357085,0.4040144726500615,0.8624184129118376,0.5437468888686185
85,0.01970961283673356,0.8709919602334906,0.4467607178675489,0.49169760161557663
50,0.12861434144810013,0.6824954929108095,0.8567239723009991,0.38339255497255964
201,0.6079525637972479,0.9620815554981027,0.21210648052692582,0.21974649435155702
213,0.4573325006595307,0.5637954951411847,0.008503743195411029,0.1470441533989717
230,0.43138509081077603,0.5194647763332119,0.7938728884449647,0.052381117872195904
252,0.24570057320010208,0.9647544007292757,0.37576520871254526,0.2963729312943604
310,0.6583425794008835,0.48319450038058753,0.048979585109099055,0.4975306115011625
341,0.20460457372389562,0.6134126517594207,0.705107531790573,0.039114890289442594
414,0.25011594860494435,0.8938220038451159,0.15075659144550557,0.9033138509231674
419,0.030668289159824114,0.2731541978326475,0.6689378463654072,0.5067376932036892
481,0.5529095642719497,0.7019649349221846,0.43526069571138326,0.7983184650019586
495,0.9908926944127627,0.8640980839952338,0.5842236668350833,0.44323762032469793
104,0.7026358359403186,0.8245519356909712,0.6860052521283908,0.8681987369063443
113,0.18188700008786995,0.2901208838267194,0.9343866154165926,0.7005434840290189
124,0.9142796610765082,0.1502400574028303,0.05169735975032186,0.16243732576714698
128,0.5454270642056701,0.6565771168788698,0.5874186271178534,0.8295746561921745
166,0.3054503869505344,0.12085422090085918,0.7114237049960835,0.8467946225715571
60,0.1854706359485765,0.7027453868455205,0.1368126080321933,0.5031748142658271
134,0.3860901045988918,0.7226618371067112,0.6054166026470247,0.1410775668988552
136,0.34986286416006884,0.9119975794627205,0.2784673093682787,0.8392510888154641
139,0.2534040245544913,0.7251022584009026,0.32279184123355886,0.35760705298199236
140,0.537523401690241,0.05076706094221928,0.6971810370975287,0.9106404200507193
73,0.35819922145907757,0.581655730561835,0.32640307446690897,0.42545507611697286
100,0.9391611235292705,0.44145234545921175,0.9026059849904111,0.9316705230670479
56,0.3301278193528868,0.3227669331677733,0.18887482517129894,0.5440978460279366
92,0.6464123856816931,0.37023337827473546,0.8307008303265528,0.6030543113039829
93,0.735982438654799,0.39632193202159094,0.4913260900378946,0.35755303643519154
107,0.6818106934990317,0.8671251813593073,0.3979511350335261,0.18042049937569538
121,0.5341813624879096,0.8137678849101015,0.9933345927322568,0.3640662229083471
142,0.38966896141532836,0.4945809723234069,0.9761725655319549,0.8701113154393658
155,0.8532684978598636,0.14546937729670828,0.42273493446567556,0.3219174958963913
159,0.3601334421891814,0.33220115358615687,0.536260359940116,0.38241720747032737
169,0.6586778579997187,0.3520562469282965,0.00758504961788431,0.7194839453402258
170,0.3447424843083233,0.20435934482371032,0.8075467928804606,0.03897544097459971
175,0.23835356870484026,0.8374393200895308,0.8867269834673681,0.9324859947274959
178,0.06374678032815151,0.35359802624434444,0.505543058805476,0.6141534936184069
180,0.10830262137454094,0.5893765301447876,0.6380123733906758,0.27493173320921505
137,0.09604483897644345,0.8510331167352315,0.007703094343278982,0.8820187576752543
144,0.2092388761544115,0.4400784744139381,0.7658436691317285,0.24251507535740247
61,0.9850892529930192,0.13049224921997726,0.25194264228857255,0.20934067075732443
210,0.13371475243255082,0.9882403535414515,0.5624437909150157,0.3227014177289399
64,0.5469408989515543,0.8790650993409854,0.6810976771924676,0.3411162634818834
203,0.7006847834020168,0.7899469660809204,0.4557365075967418,0.025091086194112155
395,0.5051475899155434,0.3948785358914818,0.37201642555219727,0.11138716337736676
82,0.7656379799027493,0.5818896283101561,0.18202028465480602,0.4432597227356041
67,0.08591136057171422,0.17982177216188422,0.8395842783116058,0.9804234323598575
265,0.8446586238139081,0.3749671265556259,0.0850135548850145,0.6557833707617028
300,0.45778192936892503,0.28401610006637457,0.7101752162642716,0.3278575697076468
98,0.9584172064467256,0.9937003402462591,0.9001826329801205,0.8056537321267783
215,0.933337637242107,0.4224859795691982,0.41545876912696955,0.8409771039536166
257,0.9464582447164671,0.46804872474026527,0.9451749698037403,0.5373268098834929
71,0.39949102180377893,0.28356090260866684,0.28969907909107817,0.10084933998311763
72,0.6759766889054725,0.025499277618976968,0.5022019875676593,0.4079332405557813
307,0.24561919552960787,0.2103751910815237,0.7066697660836451,0.27405142102713953
430,0.9960457859308072,0.2738291107719393,0.28832748141867437,0.7716775734711026
125,0.4045962526391558,0.8368902199166881,0.041705670734871525,0.2751646242248723
129,0.9150805496689961,0.5479241195620222,0.022416885093794803,0.5387873956347572
171,0.014784186961646184,0.792347810436421,0.1518398540374548,0.7707596939435087
186,0.2353557626126367,0.003983223853650575,0.7303153440350596,0.2133274657066172
80,0.48925258753449163,0.35380606576121243,0.15954483284373022,0.28092907102361064
76,0.6140834059397897,0.647623948254709,0.5208099859316184,0.2874555891885001
559,0.5895993386073153,0.2661094324583342,0.08147098674697817,0.210420458584471
228,0.10269316217592517,0.7025658701976175,0.10656451003156964,0.41728616432715715
79,0.871821299413618,0.8854783944254948,0.7127698120508613,0.7177370349124498
83,0.8201246951869333,0.7469731603330884,0.2980434274292486,0.7141259918176905
84,0.675025039812134,0.6095516610063236,0.5251920125669305,0.08115450509339772
151,0.49787532992461503,0.11223174727520235,0.1376574670842522,0.13698293193061573
88,0.1987257736347917,0.9958606992306004,0.3097125406776666,0.4949206097797284
106,0.5979094080594926,0.1483696372020077,0.8696990763400937,0.22435170814961458
110,0.49108369553745423,0.7172617005673445,0.5871358849453074,0.14521048719752083
114,0.37181529284467385,0.7049540335679614,0.38312428882355754,0.4996676438449912
115,0.7279835765673105,0.639725777805319,0.9600676590316395,0.9934799951773893
161,0.8741119198367335,0.9689780882913479,0.5911771555170157,0.7859346851764082
91,0.4947921245993575,0.6968879437949488,0.6130532268699935,0.3852966979686666
141,0.5304160520603818,0.6887957444886954,0.08453919084569772,0.31701720787722343
108,0.08558512996189438,0.05777022485390548,0.4262719484405191,0.2544014476612193
101,0.5688878538326522,0.8124140781810811,0.8574020416927515,0.8965213413507741
102,0.5307386792228403,8.83054112467141e-05,0.2940273742243926,0.42127668442658894
127,0.2417218355378722,0.14363511917297145,0.7409700398931666,0.6954430478700981
168,0.28787020827015464,0.4543679797829496,0.596111590315615,0.10000160061189167
177,0.7541641739712539,0.838205087022742,0.059900989592170606,0.9145030567277892
188,0.11491577368997541,0.1808316253141341,0.41785302134371594,0.04309999368266004
182,0.28194137315207146,0.9928465044307965,0.5489545273107721,0.5637124933566874
223,0.9402594598340347,0.6861413277346615,0.7028445178775332,0.3737839822818073
222,0.7282616569679415,0.6903973959031374,0.6117201142527047,0.5980663445600138
327,0.3277294263555962,0.40859123716597756,0.7813600506480508,0.40245216708338105
112,0.686067400337837,0.6709331894153655,0.324742051143603,0.388953526702034
325,0.6165731328956711,0.525559032230546,0.9477812634361649,0.43010551237494976
412,0.4839972145759326,0.34097808644638394,0.4511601445640132,0.1434742731793861
478,0.8136966342893901,0.7637786437853316,0.1988924693915085,0.7803797683521048
514,0.311249023423518,0.8766676492047947,0.6369516834922964,0.1854712948879177
545,0.4261237317212905,0.5297924952705447,0.1219869897708894,0.21421620529103214
550,0.0023498890376328907,0.33103541226071653,0.04201232246921616,0.14767308803710522
561,0.916937620940689,0.7890638285315545,0.2981989821137925,0.30906093059570994
569,0.9190182999857734,0.22529645803126241,0.08217879541171758,0.6256688709247981
633,0.9066400408372908,0.03529370919373964,0.2022445438142373,0.18307986066375737
636,0.8329567409214964,0.5265170827800707,0.8859330290414373,0.574023314702191
665,0.47399210931358526,0.3326821524915694,0.3732236783409746,0.709996147446273
689,0.30862789236706756,0.6610297482281587,0.2896094903810795,0.41279049373980337
706,0.029974113538117075,0.29409130239067216,0.48775210661417034,0.5146840830982184
708,0.7375363702649219,0.5941525932953216,0.09617647797572348,0.17937904795507287
714,0.3734498298786292,0.5122031358019803,0.6179023455528727,0.9612652984669475
737,0.3372355759310991,0.340698874374999,0.46794771159245074,0.23555788095055363
297,0.6744230352460903,0.07243516033888664,0.8646897888930213,0.02594908314900546
470,0.9106182641336814,0.4597905572732175,0.11444985645189942,0.10000047524652733
605,0.5673740363817652,0.2033268154996274,0.47878321895497855,0.6129182748750437
118,0.5328628498972511,0.6740586556590047,0.2880796870307212,0.8682407908513068
237,0.7314795270720796,0.5493751177119091,0.7128646363977955,0.12021521003623947
119,0.575619368607884,0.24239914736931445,0.8964515097243688,0.6281520933785808
158,0.745929819070428,0.025153854917413954,0.01023050745101639,0.17033984306902683
258,0.7230800926196866,0.2935378543128673,0.23355890907102173,0.05108125695195154
316,0.6546394723283966,0.01637049820791714,0.8445269781348876,0.7826040141473409
349,0.267232734721801,0.9522610663198557,0.5378650593801608,0.3200242398994836
363,0.9459445022241093,0.4007919550815484,0.8798523261960545,0.9369714912167101
183,0.9814974244417609,0.4426642653726065,0.7003084613079257,0.6623568492563685
184,0.059960347997806585,0.6786508395898653,0.5271681870104612,0.586807470026881
185,0.481728364043432,0.08504237926909008,0.42798514743844773,0.7333195015433159
173,0.553448041242742,0.0346320192128734,0.1792345863961189,0.8432615685315742
167,0.2279128984495321,0.6546644441722302,0.6501142845007197,0.7782584940059832
190,0.501054796416996,0.49727557467132966,0.094271116404545,0.9650748206738108
204,0.71468344060673,0.32825760054311703,0.43226394530842127,0.6927588263768445
130,0.6201256540400396,0.10152765344077852,0.5520915316473257,0.44700440487672277
196,0.21522134611105648,0.6265443060131305,0.3822981939842408,0.9092675951110515
232,0.5084532292065431,0.7783109559994215,0.22321254436265991,0.09649668946086998
236,0.3504971744096772,0.8032811340880769,0.9175119671262757,0.2915029534754824
276,0.5623209081453434,0.9235982300259745,0.6288936195183442,0.8850881733073377
277,0.8311541974285882,0.2177560969310215,0.5095465127479282,0.8960413575912677
131,0.0926549994457283,0.25190650707010565,0.7296445139359485,0.2536819007807065
360,0.8007797480118668,0.2997115304411414,0.35594885555404143,0.21443741852761766
384,0.8910458173000771,0.42890186979543954,0.043901305214017805,0.40557086352195804
391,0.17989871627231901,0.582893248142573,0.9694168600179321,0.6013311961240981
398,0.7630823875749433,0.557913081515233,0.15867473432803314,0.5844335272960026
409,0.3725650122740233,0.5476309487458212,0.13697253185620295,0.7425803948407403
415,0.22785545937783835,0.8750778953112388,0.826822523365189,0.41152832434282827
441,0.3366366312834993,0.9211331514109723,0.4748160876680777,0.6551402485722914
447,0.8611126100000163,0.5961594010170437,0.4055873343999453,0.7392246852589424
452,0.14900903510860597,0.5191667364284136,0.7126197192403779,0.9450908321957479
454,0.47899975676576145,0.15003788489620207,0.35588654722961033,0.8717144503031314
455,0.96693405409034,0.9196658702692257,0.8315794787623432,0.35796691293094607
460,0.51461107731221,0.29251607963343373,0.33396459113500465,0.2595659655957121
487,0.7367130774013158,0.5193594969186833,0.16798577606175613,0.2920769629549621
503,0.0022972203110468437,0.9018214061395289,0.0710755192257786,0.5523861154615599
505,0.6954987582445364,0.25588803211186584,0.6569762232182073,0.4237280247378906
522,0.07834479302151465,0.7127184604476658,0.40971763639182956,0.4287338321267766
132,0.7574189460373578,0.9404718437998638,0.43435039629536787,0.6142752052621309
238,0.6163967006067224,0.023046423459221255,0.6156215239377273,0.7275265533890439
239,0.7633911571525945,0.7672673757286411,0.2055151369465451,0.9316867212235213
133,0.2233804706067961,0.9524168557720525,0.7306752606237515,0.46300570558000176
246,0.9542071132769769,0.8122679793002696,0.022118042933614745,0.8402047060010125
288,0.508549356859383,0.7075957010050095,0.5031479489051638,0.5691594044480642
330,0.5981935745021536,0.5245269459665659,0.19719159216809468,0.6118801138284049
350,0.917135716323492,0.27444205533853705,0.9335920302064713,0.9055565597919714
135,0.39890292416785467,0.36088683016062295,0.6680381072814625,0.5415357004601836
821,0.6034332234457701,0.3495676862937366,0.023183098720375384,0.25356090362676575
831,0.4863442054268239,0.3598751042028083,0.33928318483866604,0.4648142843858877
833,0.020728788645970053,0.41045403925751134,0.9978984794987991,0.12092523160998525
854,0.5550058651775067,0.09141876342520039,0.01047917541783816,0.061294773370873856
138,0.3443875366271614,0.9227037716662675,0.05875637761836994,0.814088129926336
323,0.6509716060501108,0.5497273774287552,0.45953415277142096,0.9098738768104533
436,0.9687256998710526,0.6618777719050503,0.14638725745316927,0.46130967651055965
457,0.008664486581307806,0.45887530357746986,0.2387620024003856,0.29323204548786486
219,0.1554685451654937,0.9462927546141707,0.7169249115978175,0.8786296964420539
216,0.42229119807184967,0.27450766359910084,0.1509740351827985,0.9602112783247747
253,0.4479136979229006,0.2205307461081163,0.6409158962469635,0.9461830445161751
143,0.8437015163429098,0.6018212114115224,0.07551648020073953,0.7243247349443521
355,0.49430730639201104,0.9713273958400099,0.6332934133101858,0.05044056664951968
146,0.8482295367187511,0.9297177115215005,0.5038157040028286,0.9386268354420684
556,0.7680780932574061,0.8298123955120293,0.2012472897777069,0.6216535667781773
716,0.4285188293248512,0.1823940209493159,0.11983375303424015,0.41053235812088407
266,0.8449981879031649,0.941400040285292,0.9363844558725325,0.9274436189047998
304,0.924628011433095,0.4031821771908035,0.2726639462817083,0.1284617784351415
308,0.7719040949858359,0.8679814875595037,0.2096240738682742,0.34644297652864064
313,0.15750252847904156,0.8575196870550459,0.9199746286459722,0.23688291678075135
148,0.04124146980269339,0.4297146367193676,0.3310047044567499,0.16065683555926835
156,0.09896450558242254,0.43260464814421906,0.7631564847404303,0.48328955747621716
214,0.6467308669492349,0.76188417111061,0.9389530129422026,0.060096277295314526
152,0.047943831065586306,0.8239521953928852,0.8966813790309495,0.8169636623837117
247,0.19334700498994217,0.2547518326111128,0.8968665683246261,0.3907576378857045
153,0.022523663446711306,0.48223267161163463,0.34867874492344486,0.39959467865180853
224,0.38441954584495996,0.39137798395292445,0.06724671284213812,0.5394282270149838
226,0.6566824390683818,0.7228753057165658,0.1317088325194017,0.7984222255552288
154,0.02534863394466047,0.7386650253010534,0.7274071007567424,0.716320089355255
187,0.92612183534582,0.6433513084310984,0.4932881513183206,0.20934377732477616
336,0.7970461863707466,0.8456966709842271,0.7287259581659709,0.08681627553025184
207,0.5042954960260798,0.36360172907069555,0.03399632095463512,0.2557592613899248
209,0.6297633144365156,0.27609347799024575,0.6102518598177616,0.2997768515487651
321,0.2501036715602142,0.4976400680978923,0.002517414863638323,0.47077848816011236
326,0.5290587135819237,0.6765829735123265,0.30295584635445416,0.4833108077802002
172,0.524422714974364,0.30421819905670566,0.9494356353988194,0.7366221303557576
233,0.43364603431039395,0.32236024681932907,0.9885093242424927,0.6358196721498274
373,0.31836571337279906,0.6667251798728114,0.3909571838421618,0.6930415738641021
379,0.4746489417607548,0.34906893701133035,0.38985705049865005,0.27764850965244703
380,0.17043341062533957,0.7370519594911752,0.295828494664394,0.7383054704074953
465,0.15965573212158923,0.5981233544954427,0.47620609814157977,0.6060969156620812
164,0.14857375796218997,0.39129664818526744,0.6292767518575578,0.6034983899760901
174,0.2522824626664545,0.36070836458723,0.6097352251684159,0.2628277189851477
193,0.8186402992650823,0.6541610559540244,0.7523057864913247,0.9378042944185864
191,0.8128367660671729,0.7080237315885085,0.5249856953131773,0.8882273587269447
202,0.8463433019974232,0.2711946773107551,0.5514748842967403,0.617719913047304
208,0.45849291803669046,0.4008527621257165,0.6082078128232244,0.015361782596941653
225,0.946964297150177,0.7436527552735648,0.914483914033207,0.7220400116601772
243,0.5638995844356537,0.20837718405765482,0.5485216756983018,0.5025336842503775
259,0.2882535883579086,0.539278502851612,0.2235103650467981,0.4537118864572818
262,0.6757104800099443,0.25166679862439034,0.8827712194817117,0.7113030892980149
263,0.4186633626893912,0.3891873958796074,0.009703223627934854,0.994394520605581
270,0.958816439629983,0.11527735656808857,0.9223451131289598,0.6597276094862515
271,0.46225772018385136,0.30138673400001414,0.6955239860669736,0.3126750834710499
274,0.5203241498542513,0.6986521952070477,0.6414993215535023,0.11449115359833328
279,0.42047624446365595,0.01419450674316236,0.1895830654808952,0.12022399244175852
284,0.23011387248294424,0.3415449411849045,0.07985214187229095,0.38874322223629953
298,0.8821346209648507,0.8114810838535392,0.6229147054441715,0.35917817567468924
302,0.800472650129145,0.07640321129726069,0.8676239146830542,0.06042563251466715
329,0.8157060522280428,0.20616726612191727,0.3995598917511479,0.38267425664101085
333,0.8323298500083897,0.7123431242703464,0.20933004327162996,0.8719329193011314
334,0.15167184075237994,0.5346038784573018,0.6326779836679916,0.3050722521179453
340,0.1940631911788262,0.20055386329389446,0.23764306443212846,0.7142853016803997
348,0.6307432593070329,0.8029262442462464,0.7678723353449473,0.9675093868697263
359,0.0040220760792401,0.9422681895137371,0.864879132710739,0.1501391905558367
362,0.2826299009405988,0.7655455059301283,0.645469674719875,0.8644620260156771
364,0.17213947271633534,0.6996680895041439,0.4044310494371278,0.37852926855458924
366,0.022588314166017143,0.12219947175152612,0.9584733927337563,0.07035854134483877
317,0.049580526697132754,0.2912364898771247,0.5733571198995197,0.6710912143873716
197,0.3142398021818167,0.07743330056785547,0.7241769718470507,0.5072998676719401
199,0.5166413516922149,0.9568362073117153,0.7135049692861414,0.897575151618138
176,0.3358589096358118,0.03078286489270876,0.55741891304951,0.866702621437238
388,0.9178489634288642,0.8578507905968258,0.4036047404314925,0.10734980540238026
179,0.5944591297552085,0.5205613660859943,0.6727704065002248,0.32841711839324894
264,0.4399425070407763,0.4050181666036967,0.8648915296430724,0.303148949630779
255,0.39119760470453924,0.8621262866934355,0.3186456983298458,0.056801979262511515
181,0.1590046971695308,0.17956040740452128,0.13538474858133243,0.28638498038523463
251,0.9980385567171209,0.5267531148200559,0.05824036544776445,0.23292185271476795
220,0.30767833274998335,0.9624501272330889,0.36692208102720114,0.8495393313885748
235,0.7062528356774176,0.9303620700112665,0.13093351198804404,0.7414899375667636
217,0.11098216035898367,0.3646094638811582,0.9862761240039738,0.20537287812285976
401,0.1691258414968423,0.3627293134621218,0.03685961873252763,0.991039663322267
332,0.9328965286914012,0.7105508188996195,0.30630612256469325,0.4724290710689675
343,0.11689207695011106,0.6949334922699991,0.8736972834345803,0.4549327602678954
358,0.7848167405493519,0.3555611358968217,0.9278522003981351,0.911237052070551
244,0.5590067088550935,0.3784991936909925,0.2539883989095545,0.16196403516201885
212,0.6350368378497457,0.6130114060605666,0.8017776227798697,0.13454048091236837
205,0.1468279615563698,0.36003919682772945,0.19513272015379046,0.8506580901761515
268,0.8561175709617316,0.37636600800372977,0.38901642837725814,0.3235386210456902
280,0.39398328048599707,0.9185722411689046,0.17356562670768605,0.043872043353646695
315,0.32030059920102394,0.4149147535042784,0.33554932689462746,0.303993759018661
324,0.9896896320904224,0.9877295094697366,0.6792761026372501,0.06632988604122003
200,0.06971366153047809,0.29330908213552465,0.44023361814110273,0.5649863571168746
221,0.6776052749578471,0.9814210657325646,0.5364090111462562,0.6832452644816679
254,0.22878331185995904,0.4496873906152371,0.14008579655087428,0.044959761152233546
342,0.820933777826586,0.805089570367218,0.865591597665919,0.6654423605041966
346,0.839304375613165,0.13614763458054324,0.06008974240062026,0.22301935899205338
369,0.33501945129159494,0.14059916530687389,0.4789972549743532,0.4790421328124256
386,0.5461132378221618,0.30430075590540484,0.45773599057093706,0.7465179477350912
387,0.7461715437124647,0.3149090808860949,0.7153994870668847,0.5270933713965942
392,0.26213239434295454,0.23966884634086827,0.23567961303919183,0.19741444772868988
403,0.16930675921645144,0.18241707234596716,0.16987840433075652,0.7382975772395896
406,0.668386770735226,0.8174514711270561,0.992547812067573,0.15292372246864883
420,0.8716199171255021,0.40803937413765323,0.4995661245348464,0.6015297710687573
432,0.922240329519814,0.23199503859581772,0.8057046155899643,0.7073560516444074
451,0.04205980305130508,0.35583630534263455,0.8515317303623833,0.06600836572095259
490,0.6547495079704411,0.7103468659039301,0.09797626498002843,0.9411930412433968
507,0.06098153851685295,0.6179656141587934,0.8211729125958735,0.7531722133516902
525,0.04396723233216737,0.3817271649714342,0.09955113109649194,0.17153501130599325
530,0.792211707645239,0.5320090216700554,0.40811947314904584,0.4145994370972088
542,0.972143758846289,0.28829767080541213,0.3706575643894704,0.15769357482041846
564,0.4108704984476017,0.02275301857734735,0.7759388521717624,0.6356781494096442
260,0.6247834266130224,0.4239900466249398,0.2131603941935022,0.5441249912204326
261,0.041875238344297516,0.2909087966330888,0.7510422243506419,0.866362916775443
354,0.22438901659875077,0.9898087512381946,0.924666281475784,0.6463160596677485
227,0.6644653129890723,0.6598682583347568,0.7345572152274579,0.6589902918603953
292,0.7616172661106583,0.44642481325509864,0.7347526479754322,0.3091361517230593
293,0.5306631394235146,0.43001298109775254,0.19168899401400186,0.2818840428006071
331,0.00451006808824439,0.8919929733313328,0.807646444192462,0.7481777105783838
372,0.13774245717361877,0.8313508809607855,0.6073703249412644,0.6461327202406496
485,0.41442028371224626,0.10443986624630097,0.7229589742965246,0.02266594200185512
269,0.9417284374118318,0.9389944290937401,0.41174350299965723,0.13115035569028766
285,0.6670665746768306,0.815278732931645,0.3735232976978593,0.8345602839004144
709,0.23964551839072423,0.687232831460144,0.7783892923423351,0.869455583131581
218,0.6134900601028472,0.19487201981339508,0.810237936545138,0.7693115092686624
281,0.1278489221379545,0.5657463564265437,0.3052688513763614,0.5905097307558057
322,0.2910162227852918,0.9427986835385312,0.9253357912819473,0.7727042702220497
352,0.956336187295465,0.38928444311912747,0.3123825615448311,0.452585599071317
367,0.4143889223629327,0.4656272546812191,0.575103023768646,0.6091243693771732
296,0.8293604403219402,0.9171286014659579,0.27672715095317024,0.5232237661927217
385,0.9248601531245487,0.985242845294136,0.5928926454616178,0.3200120896618178
473,0.5535892056679829,0.4346323714120822,0.5509339018418081,0.9490517044119897
231,0.2837147791175054,0.02388886626589848,0.11300414203875653,0.44160995196540065
335,0.46745007274788586,0.02653439684163561,0.14676965758033056,0.2642268581765139
357,0.2545969165697439,0.5777304028515249,0.7258630316384084,0.38154668468912545
394,0.4688662429339514,0.4219894315859054,0.6199516614632998,0.8708218698724186
459,0.3465964045317944,0.16234734640309578,0.9907407293837757,0.2431152134913539
482,0.008662965886046425,0.3954354577212935,0.019569173413714558,0.054370447170076996
502,0.18039049336582058,0.09879425998655267,0.4447020361145463,0.9570445832979675
508,0.35339116975336493,0.6085377773541963,0.19287539619398786,0.22285389694288293
512,0.14716412692502845,0.7541110985866472,0.506548188220774,0.27646445681792386
429,0.7352602280617427,0.31870688333950903,0.4319745724963493,0.07101513667777204
491,0.9678446552053682,0.26214314790158544,0.624154043033958,0.5974416214875631
283,0.6540829683570697,0.28611197724457016,0.7056031894021614,0.36189850281215996
303,0.8972415257728623,0.6171481384553855,0.23439765356914644,0.4813880687336447
234,0.29461768969859636,0.2729315387077006,0.470549034789257,0.6135048477191283
318,0.49923010039712734,0.06102618110320612,0.46763295587555853,0.7344006437836668
278,0.09991946043590705,0.017786164597743737,0.2613806164887513,0.6836474786798308
289,0.9085426280969473,0.6803204084724985,0.9940553017750526,0.02205114775714767
463,0.731050407068907,0.06672785274349291,0.23156995230294664,0.9267787768585801
610,0.11295766155309173,0.6735256524822708,0.3395821029077707,0.4872147333190011
241,0.3039162505579712,0.5363533339491582,0.9447921723672696,0.6175648954063404
319,0.7808923409983223,0.30362125570194276,0.0013017562308840214,0.8769016974448071
371,0.5787658537075442,0.8568566207597509,0.9118960750392586,0.0282620736015724
435,0.08156646589761718,0.3721924197658254,0.6531680984192026,0.23251345349881758
240,0.6768278235858582,0.0010782914818102673,0.6665072921290052,0.9311613814951002
356,0.6472303951950888,0.945343016101444,0.35769823370908593,0.37409202283114285
242,0.8928793882801764,0.2287202199991879,0.3563486947158274,0.15658333698578664
670,0.9492144125454128,0.008631706604188105,0.11635743017359856,0.7693324544092807
501,0.9692199237523366,0.9687316091353511,0.5211602288381166,0.3736212997043592
245,0.6635287756418606,0.32248373576855716,0.7411272338607817,0.4625665979373027
287,0.6909173707958679,0.8122939712798648,0.694782179702548,0.8016859956072134
248,0.20915618329632457,0.8713865309562955,0.22631616307351277,0.9036672749504473
249,0.7856551708142159,0.7884693589976347,0.5040920538581283,0.2930619173000071
250,0.22509982734183553,0.9932367298485845,0.7435238185472022,0.7509772598982436
290,0.930917528105869,0.5943139080254484,0.14474207219863067,0.21475311098644123
613,0.07885112546196937,0.2810303878469582,0.7960830130654202,0.44752176193071813
629,0.5754712978661115,0.08317124820116828,0.5596486570977159,0.907406821553129
637,0.679342480163791,0.5627576440770214,0.5697920964639244,0.005730563114947906
664,0.30340318096343477,0.6443429482580524,0.6921096101342605,0.3462659110445133
750,0.6215286100338302,0.19294987680640918,0.8361590243384305,0.24503762547303665
376,0.8493716853325749,0.05859842132503912,0.7114858307528337,0.16996773050090752
314,0.6822874210079829,0.515526030902615,0.5650804227554621,0.28951901123075663
273,0.21369946399745376,0.8975579653637566,0.9893679102559497,0.2146655119297094
549,0.9110925166170422,0.33816807335001253,0.7604342575591891,0.6383892629839479
295,0.5400789299436359,0.0110298104913501,0.7284577698511521,0.6107427591178023
404,0.6597443667825104,0.06722180968778768,0.010641444875018502,0.08319562313864348
267,0.12515794571932004,0.931918622772532,0.581388415746565,0.8848274181955307
299,0.585348502510609,0.724452577586679,0.07840983792980016,0.5479343990264595
309,0.3380672665010992,0.8122087764212194,0.04866348731096293,0.8921211745533674
347,0.12541828581980585,0.098090488093585,0.7121811034183861,0.4576096605876432
397,0.23651333028483046,0.24120961351270476,0.183775062740702,0.17587899813393182
425,0.048596820386735295,0.4592731562767609,0.609349898430345,0.7977145375192476
427,0.19719973381804778,0.5041041265752241,0.5094580526061007,0.5502668676501402
428,0.18950690086598987,0.4056552578790591,0.28839332219278313,0.32843318860993176
433,0.7367120181560902,0.6164271896912782,0.29455261101348906,0.3450637458660557
440,0.7887128390739856,0.5768220506695141,0.6021099043790648,0.8186340742363908
448,0.6482894223529522,0.48525295401833135,0.7950101486077558,0.34431148558801794
461,0.400483507016278,0.22534360536754205,0.8130838943796074,0.19563281789114761
462,0.2231077630109154,0.37667239732556457,0.1937077302163922,0.20677518934895311
464,0.770550708049118,0.6403589366228343,0.24681698586303835,0.6661399626786969
474,0.6289188361049566,0.7078042521060587,0.8873458187223833,0.6882165949703128
486,0.041845882230899356,0.7552971360829666,0.4509749192544782,0.22735393853449415
493,0.705012278849019,0.8653611562878262,0.6215056239265759,0.9262649040194398
498,0.5662242408500819,0.6150745362994878,0.29052348210334655,0.7462834248173165
504,0.9059191380895906,0.6153366761482029,0.08817376996650184,0.2990162375954831
518,0.6585077623046947,0.6353796317765579,0.6612401571969351,0.7662685257734119
526,0.19045036177419572,0.2390517676551669,0.05303930794862799,0.0768966945244911
527,0.3356080865516087,0.7642224548987984,0.49063311356719586,0.007242428315070271
537,0.5637230297717033,0.9263358091698853,0.5489310562320178,0.02087245836142282
546,0.2917030783959529,0.015486485283363605,0.9526625334267718,0.12100291170121846
547,0.6959071628397556,0.5753820827834827,0.14506581703124832,0.11889631147767499
551,0.552115772533738,0.4355022844882174,0.45053789040137215,0.21775933825911564
567,0.0345027536823278,0.8523785678498329,0.11542400178815415,0.18956066592834508
585,0.5700674999200335,0.6975009183266102,0.5349537183035511,0.3342930755087514
690,0.5007306425483363,0.24677963095604827,0.2799792743620019,0.27669360215050653
729,0.5339225588081408,0.505467674201908,0.16669959111603871,0.9841457318879409
735,0.20530335331637195,0.8583480675889509,0.02055172801352645,0.28101573058808704
749,0.7885932939639854,0.6865502013144608,0.9024667267422061,0.8670916207612441
769,0.9316214613546555,0.07352460162877561,0.2072418476264053,0.851903572732349
275,0.5393394634518867,0.6439806106801041,0.25041428938402555,0.022298327352265668
291,0.8458461659939663,0.3003569179147956,0.7487594539184681,0.2461746689758748
282,0.054788997062877876,0.6266282227107213,0.12201336356959436,0.5802060120673103
378,0.7759355244285084,0.6927736967326207,0.9494337828561606,0.7700076654491949
286,0.21246754023715952,0.7878317689521841,0.36805910316841184,0.9860643498623752
375,0.42599719831641625,0.9185566095139721,0.015170828275096415,0.42705293218055773
467,0.2647378992793248,0.20204211696781282,0.007287512004234831,0.13989949003358126
294,0.9134714106179816,0.6372134721266943,0.7403921048864417,0.48657510854288566
635,0.08548207829859089,0.7120666969438613,0.7084217001126143,0.5911916902775964
517,0.3191337552060176,0.40233961531638995,0.3326248961502778,0.3744562096624722
301,0.2736598260247739,0.33613494929277576,0.4316208850959393,0.17785197210695303
361,0.479399097686088,0.3768592379025182,0.6171231965159463,0.5952323329850449
431,0.4778959455967693,0.11533768780956377,0.1380564398351748,0.8924033271115973
306,0.7776345380482289,0.08387380386089316,0.536575510070952,0.6080870788929047
499,0.21710006744857946,0.8623188570111769,0.5096536205741135,0.21406629994967008
484,0.5014890196929326,0.6898949005643459,0.1924879995893526,0.08398521298288442
311,0.9110982996745803,0.9704148729188082,0.7449528192318996,0.6704287498251721
312,0.798436330462613,0.8009351939233231,0.2635494636162349,0.21280419666799455
541,0.7027970334518905,0.9328020773761883,0.440824726550317,0.2892791309305034
374,0.7815930592002457,0.7491514209555951,0.43723516233471293,0.3637777114938462
416,0.38226296010615946,0.5522681272549942,0.8721080625174595,0.5665131305639333
589,0.09995156460750154,0.2767626787792349,0.06812814184226945,0.9233010600076278
418,0.07712711707521103,0.8979963387884814,0.6653900371097606,0.7191118747999016
320,0.6664907373215092,0.41120638785011143,0.2230884573892581,0.4998170312901965
603,0.12732723113812427,0.3445081876663212,0.5640849089838986,0.25163726726230173
437,0.1904570168666304,0.7486670652790683,0.989384560534493,0.10619670757319921
438,0.6315827220802938,0.3248970968118481,0.4539762637221424,0.7458633417175979
444,0.20269755234761067,0.5853230401274025,0.6181568417125366,0.8363284781114697
771,0.6822370859458433,0.7590700605290529,0.1823196528073392,0.3856596792202468
801,0.8911717586333587,0.2340470765863948,0.7230731896194317,0.5474808908875308
417,0.7506063231891189,0.3247068463066153,0.5251332392932413,0.3346827870453353
328,0.9751341418184586,0.6079141289708602,0.43548512501954706,0.24235971446992632
337,0.07941632881761551,0.8090493119891288,0.9883956831589092,0.7807328017212776
489,0.6894402584981189,0.059812952449701084,0.21837988556113508,0.7587704056507708
382,0.9487083116918882,0.3178732156909966,0.5535354137771132,0.6745202247544229
338,0.17896488193113247,0.8537594240810139,0.6737495120726085,0.6768472543395496
593,0.6672290432116115,0.041710276842215066,0.7952913489655672,0.2708160857307217
339,0.7227646886471614,0.7598161965840167,0.28710051206768006,0.10421060858322373
609,0.9358870302708509,0.36216953723854406,0.5669343730457304,0.5081059525012301
344,0.8289264876583954,0.4589330422353066,0.4543082123295926,0.168323368875271
651,0.026139073099180177,0.9948925439149716,0.5624940261865283,0.3466394978455358
800,0.45616535929163227,0.5461644903407662,0.9176384547078269,0.04269393572524671
803,0.2988248163448767,0.3942792435201167,0.30420738427773486,0.6132202260037555
806,0.6248778901451559,0.42951695788232425,0.06235830153582245,0.4837374819073105
345,0.7247594193663633,0.6474428078490502,0.8582298237927917,0.07488734954705134
612,0.9959707808086633,0.549128112117254,0.1641207792989362,0.007588628553410692
381,0.07127893703808963,0.032106792519077554,0.08544992854294997,0.6858001919659289
351,0.01419006600134265,0.130122295709033,0.10077203414150504,0.3821535453583693
638,0.23552272536044205,0.9773897204232256,0.7849794997427522,0.16913691734222536
353,0.9617379623603036,0.07627017035959927,0.91381698006216,0.5580941424525551
510,0.5304578757239844,0.007019365939845312,0.5740834074697798,0.6958636131036884
405,0.20705868751932122,0.7466067775694233,0.08052559411968285,0.855103166121245
477,0.15558681167986466,0.04124528668023275,0.47304725449364515,0.66901705469612
509,0.4300945971377296,0.8963393866113533,0.07079666519572203,0.15143360017590424
538,0.029404804133810747,0.9111069065869781,0.619839429707252,0.435637874432549
423,0.8470638717425645,0.22816892728339744,0.7300430077320512,0.5832399094444503
365,0.39585722407510393,0.19733670290938943,0.17554725177691033,0.684682147552556
624,0.6327991765445693,0.1810433735583643,0.32025893041707554,0.04270683759660587
483,0.20216753012938582,0.8025106843058438,0.1097717856383319,0.7650535948516894
424,0.9608986804065563,0.13966403783182124,0.6853800669723348,0.9473958267706742
654,0.9792479473265625,0.21899237773371805,0.33553889987858654,0.06790319008220602
370,0.4448021959212737,0.8776708334545429,0.24849723070069762,0.0016456136296019164
411,0.8819844951555967,0.2176467774305213,0.7436628609438937,0.4416226980589266
469,0.2945624452961453,0.31892988318655857,0.9272286583763878,0.6288929451720143
640,0.8499190394142312,0.5615874710831946,0.18705081909448418,0.289590248612968
674,0.7322171441865116,0.6801216633792394,0.1688437113850224,0.40887451414975584
524,0.39886140530245506,0.14028710530189026,0.25895127671047036,0.5896812014815572
377,0.1234331781371849,0.3977773454404486,0.7422549423566045,0.9531158816592372
390,0.9515043559719157,0.987742592784195,0.22841449364651778,0.26050952188026566
434,0.7466465844490153,0.9848683392412142,0.7348037046926513,0.024925981260812802
458,0.2495649802666171,0.14150809738152215,0.9310507933923408,0.20437849982482859
533,0.31661654708830456,0.1523121155878312,0.10781861610298249,0.5791271034347774
539,0.4844467742100844,0.892781600973129,0.5301889843668766,0.33786195463308877
544,0.6435153557343113,0.6334993267510874,0.044134112563304906,0.7853122026530247
597,0.9929901416473286,0.4237054131504535,0.8210875618056023,0.9256294338294702
608,0.7538742785700921,0.35097632893018904,0.8697147604888269,0.4996461872254674
614,0.049273910647666064,0.5406834821019275,0.04069378172670268,0.21973200981794638
625,0.5135927372551189,0.7612471827748156,0.7142002064154318,0.013116290912557727
662,0.12484606847624502,0.17362652923173982,0.8746749619867199,0.11639136135030748
383,0.6595091891455197,0.5991809572855683,0.21773650754063067,0.052961606394760996
553,0.6207805092409209,0.27005267775496067,0.3349384534284301,0.3177475773882984
562,0.4794347843809946,0.10802235891436207,0.03436931137054866,0.7691750704762726
466,0.2912443954106444,0.8071647768564743,0.4878931493164289,0.5611692359121947
479,0.029382445120375356,0.12652957032300982,0.8519439449704997,0.008676279568185064
389,0.6604393866865901,0.3704169732985184,0.2885065727390287,0.8440870848270877
566,0.25977584887712946,0.6991081775980567,0.5426058921438262,0.8611033417334211
672,0.8072608647525369,0.4840263423640969,0.0862285357622361,0.8850264430084219
618,0.4470518696168094,0.8765992749954804,0.03352057713624912,0.09058052347970125
497,0.9113249456230518,0.30710540318501467,0.7165538537829798,0.5847364832777816
450,0.2755849390638685,0.8580262747851377,0.48422860817239843,0.40158913153201004
393,0.7325821308683818,0.6493855316938169,0.8041725503048364,0.40365444043217613
410,0.2699210806718175,0.1731995432440918,0.9557223256597763,0.44308570038077333
496,0.6159008128467172,0.23512358618880547,0.7673919535674009,0.22118281894632685
396,0.3160001877538693,0.6911807062912773,0.09008844542789474,0.09825285842457232
449,0.7868309108813742,0.5707261972134565,0.5800510612285551,0.22160482702201312
548,0.29915148305801653,0.4985200259591467,0.6215355430004678,0.869309721721046
552,0.8747023007943081,0.5053418151875927,0.8935805634616484,0.24843516859164172
426,0.7830908954597794,0.8969718134728699,0.10818659819407184,0.09736086588798243
468,0.8547598459348257,0.8691482413489001,0.6384665891889509,0.8863359586440677
565,0.26435838781828025,0.3360693355720532,0.001686229895910052,0.7881154403729043
575,0.6921809445337423,0.6510427522425286,0.4737315376459452,0.41320785057529896
620,0.6638989379997033,0.12449173487806064,0.955425796999137,0.7802312511748691
399,0.734901492967608,0.16484523605751544,0.18087129788456324,0.7869634920931982
400,0.31371655285286426,0.10079292720023203,0.9217376244307546,0.051604333471859776
402,0.8533571123197816,0.5259973260010656,0.7164548824709046,0.022370836076053835
626,0.05863459695257944,0.11370929404535857,0.31110055326377595,0.5916650623453723
682,0.9506708473217215,0.3087092861970745,0.969212281406246,0.826564385499411
684,0.013261181937785471,0.8606562181481735,0.7420671844307717,0.261514725893771
696,0.15573687458344,0.120765729523718,0.4199619550097021,0.410108883908187
519,0.2159929791939018,0.9283906626828433,0.02989214705215626,0.3529521568106502
439,0.044934634763786896,0.41995823198083704,0.7897122192753647,0.778169270556599
408,0.32028152636230767,0.5123385074371308,0.9747314796499094,0.9011338271935239
445,0.7642211161748858,0.7439444572593499,0.9918718665513925,0.271395742740579
528,0.49490773117644404,0.7105036776002724,0.0553455220451623,0.9811801832651222
686,0.25576679877849795,0.016959489353032486,0.8322476924973266,0.10996325320772915
740,0.15433854396796798,0.28707746711033766,0.45274657183998446,0.16762640771492077
413,0.9990364053716715,0.7725078478534481,0.5561966841446494,0.07487610904648967
511,0.8235758836533243,0.9148734373904713,0.4660849002975622,0.5646840194938416
516,0.11130393491881618,0.9265220567853436,0.3938286886609903,0.558813191157298
583,0.5474731316395616,0.727794763825617,0.1600802098756936,0.6985200863833072
584,0.9395278363923694,0.6343252000166462,0.9484034941067938,0.03128131826791636
480,0.2840952046500862,0.9297142260667189,0.6860720672672799,0.3564208373745985
555,0.5429990968205419,0.6220427309602442,0.584433437230071,0.6438735617466881
557,0.3845614612035131,0.026475446100621358,0.5485256479616943,0.19024431934837138
611,0.7757721890178556,0.706817202098252,0.021826239817480664,0.2835528795658673
744,0.916221819470392,0.4568648448825874,0.3716364033327648,0.6131695586100729
421,0.3357209843332182,0.8683991389388146,0.9735637192630415,0.7750305669241343
422,0.49510430662933635,0.4860725413186098,0.8974926460145145,0.7580325364108573
586,0.738839693706921,0.4106284734691271,0.0030066965181204663,0.4064877249386276
653,0.748129438056173,0.9775051831445372,0.8338648049265762,0.29529358322423194
701,0.9788052991670175,0.8465819006435843,0.9903439283781522,0.10662629614817964
443,0.9125237206025931,0.5105986176318322,0.2797989227361173,0.028072543051111176
471,0.7789771176397114,0.010988788876169941,0.46243945957218335,0.8800441719705474
492,0.7305295257410971,0.8003873382038605,0.9251127170458081,0.14672725772841932
500,0.07872909463575228,0.5299857028752282,0.09614316366662057,0.8054814480056225
523,0.4940016662737453,0.3836118261689212,0.2511096712348947,0.34456932748701197
531,0.28364094747193147,0.4369917852156072,0.3281674947753698,0.4221573008006685
543,0.23420192861716438,0.46179367083011935,0.7279010897788185,0.7364076500968688
560,0.5813538070872799,0.38065195030309873,0.8224156894835228,0.40720744582716684
574,0.24915875561037215,0.502372944826601,0.43296951035066267,0.29475793561688224
590,0.6828051803801339,0.29720761347155056,0.5592214860291577,0.2709738260147131
592,0.7362048669957798,0.7599228770833286,0.9336771816561421,0.4158166870888904
595,0.6656290016093619,0.024928925302262095,0.39288671960204535,0.15572272054905678
606,0.6529140185380309,0.941665612013204,0.3530611508288283,0.23232252215013527
621,0.7474978171533563,0.7418736958111514,0.7569390875944082,0.3089959773601293
671,0.8034502432026658,0.581672253900868,0.7427812948524785,0.28002763032287004
756,0.4105079755972717,0.09895099165953691,0.13257506545293518,0.44920325281136053
761,0.40110342865809534,0.5327482757679096,0.42142507966621445,0.5905723036859705
762,0.6542952292404326,0.8331417322062664,0.7080732148043629,0.6732296946733921
764,0.029680614510065206,0.04622637313540778,0.021476256211053535,0.7253875294037514
780,0.711512323149261,0.7532673303555257,0.7928397565542125,0.8764947568356796
784,0.0004744190371410717,0.1447317454952849,0.1717736035792965,0.2910865564511351
798,0.699156367548893,0.08429410489639066,0.3153504438479986,0.4376122000632918
802,0.0599759729155539,0.8940389609079389,0.36768967553204435,0.9293957335470546
810,0.6802213674347892,0.21080560473183818,0.3943676819693964,0.5085214749799868
819,0.6140079452379661,0.427633999540335,0.003770755559996619,0.5259939204420361
822,0.04391890828556333,0.9761639122099499,0.4340088024815342,0.49570953875524615
825,0.5325257629558843,0.24519440389727243,0.8477258281658155,0.33588353476211985
836,0.026331342929922452,0.4405551775149513,0.11403406890431944,0.1328757441976005
839,0.5073974117061505,0.42312577679398766,0.25981642835775365,0.09088675240779365
842,0.47080775812927067,0.7934196956341627,0.27996764645114036,0.9420586267988905
852,0.649151919420576,0.758922886263157,0.4591319457289704,0.13441863326130432
867,0.7203746875469508,0.6736420142697236,0.38922210142150404,0.7447106325061648
868,0.48278227595836654,0.7791959401237961,0.5225747057535681,0.7157566919160288
442,0.7612264992268799,0.9729515370495846,0.3610128198532351,0.9522245718088153
601,0.8391226150173736,0.578252979382408,0.9276432600618939,0.1408344304485103
678,0.5896907599638804,0.6998149047458231,0.3251666277804788,0.4467083406184008
476,0.5345634225711569,0.7118414280052343,0.7618295031559479,0.25648703604770606
572,0.6166602204616252,0.7017903385114387,0.9702504267086827,0.12505528677867905
659,0.4548254702138569,0.7249310904982147,0.17483692160051756,0.21331370401083216
722,0.2529380484479322,0.13848253336964178,0.06664205314106297,0.6330133945762405
529,0.5967156379003972,0.7296327483111865,0.48346822332763173,0.808830291046697
573,0.27306701731135197,0.654466411319423,0.6430342975607158,0.7118400777948625
641,0.06414765869999295,0.09370546834699445,0.3231697833304841,0.13425386955541097
453,0.8587811912922806,0.7337188626692279,0.623187987440329,0.7046105850113241
596,0.6977441965177175,0.24796022600593604,0.2494985987929712,0.7717477582174418
520,0.7825461028666655,0.5101928837518664,0.6808893158016128,0.47932345771328266
577,0.38936573365424587,0.4357145350940167,0.5982908523975414,0.2042706209523244
578,0.9461776956707862,0.38803763421388704,0.7642262118910556,0.6196836034228627
658,0.8294305975540606,0.7516601216902004,0.90826409168166,0.023024110057730973
667,0.6068835193709305,0.0034801029125471894,0.23990590892496633,0.38109206091248593
785,0.18898276587295737,0.7952674604389461,0.8996512840934774,0.22310168166524247
792,0.8167152248002616,0.7969278195557236,0.26486056402820723,0.04317905367556163
824,0.7546829674551268,0.7574627722701432,0.5067551902660147,0.6731832767606718
838,0.7239418856935851,0.818263506733993,0.5717462377938634,0.9574076988457298
849,0.9444994847373596,0.4694556005885514,0.8116356001084152,0.6777385140491208
850,0.15552430720213417,0.8516631643998633,0.09522180283002712,0.1546957750296074
857,0.8929204724254441,0.24896085404304136,0.11644382644758844,0.3252536071871166
862,0.8680406687013815,0.9122046992595484,0.5537247852297169,0.9950072548040131
871,0.07302714404755828,0.06069101726439141,0.6053524330502583,0.8808428135429642
885,0.6573594064437632,0.47272952804437374,0.7372852166118204,0.0728755453824127
488,0.2797106810170614,0.7173266730062952,0.7446793480056829,0.03509430616063458
456,0.0793087078295881,0.9761389926170079,0.15656658647988142,0.4395881909374312
703,0.5228481727109917,0.031177776991770267,0.44935273149502697,0.736360080119176
809,0.926699000438443,0.040447052449419485,0.19479631701550704,0.2715074560233923
472,0.9751184686110185,0.15184788915854952,0.23874313883630094,0.38159986282181135
475,0.4786842505753365,0.1946632027238916,0.9878365020192607,0.4926575785113032
634,0.33172593288528496,0.6080474024200632,0.25011422191932176,0.21446910463339286
642,0.2847530527636404,0.004119155102115579,0.4863427641701019,0.580768666517274
778,0.7213176385512812,0.38549534306862165,0.9946051877196462,0.1085359137042774
581,0.530461759154887,0.35880065042991527,0.0752640919572054,0.2850425650610523
604,0.551576544763045,0.7855160211711071,0.746033230359519,0.8601569289569307
587,0.5656176504417652,0.9173760252887143,0.7556889395048993,0.23142382570869902
591,0.8585914866105764,0.2640329248342578,0.6658455093661954,0.015163901221946996
619,0.29070766652057645,0.6364912804166523,0.5293644818543761,0.29184964780305
571,0.41911326109873603,0.005170456469571261,0.730706370942703,0.20698486724394505
782,0.4393917540756386,0.504189128123991,0.9712835703864507,0.5037420385912175
870,0.24924365805805349,0.5301834767093675,0.20206580917616723,0.566678612838124
494,0.8195270198124718,0.18400477207302013,0.31407967510786605,0.9087678267042871
568,0.27387754620641147,0.663899305550664,0.04249907280873766,0.10248021728582213
579,0.15177480229393958,0.48544919731880765,0.12079558984667593,0.2303582418986383
745,0.35019617456814,0.9957360072078032,0.9204209818482502,0.36519869543057415
506,0.41916022043368373,0.911514915660559,0.5145397914955053,0.08894130449461324
558,0.3948180464423269,0.29487310960705304,0.04213229381152128,0.5989524653056846
513,0.10905486942638953,0.87324551134476,0.08080332359936782,0.5444961435530488
818,0.6848857882984485,0.7341198899502853,0.21899316718967599,0.44748310649690115
582,0.6124207230079607,0.1652671045565054,0.41740408609438395,0.8504102980949475
630,0.9413052205174871,0.8007826512039025,0.43943501014852027,0.7132086441708732
515,0.9670713803715292,0.35917059634689663,0.8000532468021491,0.6760784157861612
521,0.1814571808680987,0.24704440741061917,0.5835956496170148,0.26817211645749484
723,0.7541441448468633,0.3956098715805886,0.3925458394985202,0.864083493566546
623,0.5441290405207568,0.2795449539646645,0.18291810373210327,0.09374249800945456
768,0.29437338534829716,0.9174078721897677,0.725447037176976,0.15997966546175701
645,0.427532313216462,0.513271993432218,0.05809328142787806,0.28556478144203834
680,0.6590761636516741,0.8928471355048769,0.023060356279224203,0.516801517527246
841,0.34815601620515,0.9866596021166402,0.2883629318142793,0.5879859352944078
532,0.8692957798260618,0.041059723360478584,0.14006051165213607,0.32767470256948517
534,0.01220518595030029,0.1747198633334257,0.14129699865265632,0.859589791818388
576,0.5403543109073468,0.055943409144002865,0.13693085555227902,0.7868896188567619
600,0.24834188104810995,0.07736072966353702,0.5823988517369696,0.019369874280787402
649,0.863482316471157,0.999995320963179,0.4389431954912908,0.3910409014164775
536,0.6841874539276975,0.5308078333006017,0.07384559067818619,0.08884461523728526
863,0.3511591886539115,0.6969387560881792,0.7630048674273535,0.23898248208470063
879,0.5703589802685293,0.19745412230655168,0.942566300629598,0.4863279437065564
570,0.12114116425399335,0.7397778060804628,0.6118866459768234,0.7461257206582412
631,0.7620153635879969,0.08618874145510491,0.7270928272954075,0.4841123709251355
644,0.20970762170710233,0.16731484463824797,0.006212586229251693,0.05852860061854759
540,0.17800014075489845,0.8191860531438526,0.6005046343528142,0.07664078234101479
628,0.7943705677478462,0.16205434972137622,0.11754841937796423,0.7027238396968943
652,0.08787795517249963,0.18794160197214382,0.5835081136128796,0.7492557782371517
646,0.301899620073639,0.14935663718964454,0.5544786663705744,0.6581959291454881
681,0.7968624352233875,0.6128053525130536,0.9327558831145647,0.8337325054705942
704,0.2190476410308635,0.20523558877239934,0.8821661090037269,0.40241048934188695
725,0.8204081990372369,0.6394260579555956,0.029291210121683564,0.032851405010928425
669,0.9676608911664762,0.07377060495363308,0.9759263509886965,0.140424791673748
734,0.6917250325165345,0.1835445739900161,0.3425580106506284,0.11566197625818142
752,0.5043945142897361,0.7389107235967849,0.00354598298911335,0.300990457412451
775,0.646656627203169,0.4396191362824877,0.8220330755500505,0.4942293723468756
776,0.45912120535019585,0.3737893103852441,0.06950536381212347,0.09749296925820605
793,0.45053152136513674,0.8068767102634054,0.3184639307481463,0.29712986529369156
661,0.8183084840897028,0.0970602125030694,0.14557779829630746,0.5348630808269607
563,0.18841167979474271,0.6376746902812891,0.7336344365813553,0.847776767024112
650,0.6627934098649995,0.6229953316226609,0.4129461607590952,0.8616689146426968
695,0.8954012866699691,0.3838291090504501,0.722012678143726,0.6189093893827798
580,0.007437096760539497,0.2472163997855391,0.9511471557314587,0.5488139624591175
588,0.10603657424807245,0.11544125588250687,0.5686980637515077,0.488361673455198
599,0.7041439365766523,0.3342801779007477,0.2417070502284454,0.33485668955970216
615,0.20400746618232024,0.2984852736376531,0.8796804595268578,0.18845273191369982
677,0.6502862137280044,0.3918395114255794,0.8329391356919105,0.3691852955795948
691,0.9370394882733145,0.5717967553904403,0.427032123037139,0.8534883065061326
698,0.025863108996268758,0.6284226236811655,0.8499914680196623,0.49307433129202594
770,0.02462093057508996,0.7294143840879391,0.10647018030098643,0.5636386076902217
767,0.10048332708788998,0.5052600533306774,0.11672619881186708,0.3711946018229503
660,0.31109093884458106,0.6387257933325902,0.9202491170717174,0.8564370558923932
707,0.31263260785001323,0.12365807552044161,0.9872893674059219,0.9105367622498177
594,0.7649757858954161,0.6277378486777847,0.13820160981347385,0.6166085585377794
675,0.10108762409839778,0.1603486859333647,0.9689194801491099,0.6473806440219932
598,0.7566031654334604,0.6303912846228237,0.5891913600829423,0.8960931365281105
738,0.8092006149548013,0.13034256797042665,0.21999709919085164,0.632746672612652
602,0.23736073132793067,0.9928968921073236,0.5110168746579155,0.31854207928850053
627,0.8493842612013371,0.9741935128689425,0.19086789844918706,0.5736104361389952
713,0.5173437367810491,0.3381603107165919,0.11538168764506695,0.3827639071619626
639,0.2544363710016819,0.9470207242540634,0.9240586862353295,0.7573788115393609
757,0.7441079235901585,0.43020749173287776,0.8810435745253823,0.07954415725134445
855,0.5011792935275314,0.5296644683878169,0.29660906067103765,0.9281086822612484
655,0.7039902064655852,0.024876188352286777,0.9832019328355274,0.553837622556208
726,0.5748838447964055,0.023234634059672965,0.868013927323799,0.17941370443914673
617,0.6453666853223899,0.7148705190693408,0.8574227805184125,0.9569940267110889
622,0.3991366501225315,0.5756946419328698,0.5959500553155613,0.5547613094161444
632,0.8581235390165447,0.8171804033720328,0.5717590796746822,0.2574971004885409
676,0.9208005109474529,0.2915897049683026,0.42775753941644046,0.28138809883121707
697,0.21402827424813697,0.8885987212262627,0.8361169221884651,0.7940020435448766
705,0.6054190750443769,0.8119635096999757,0.4025245060953059,0.5769863641785085
717,0.4627700628638738,0.07369782276948778,0.035992892185520264,0.16949748673223586
724,0.08802680906598426,0.7787598662199686,0.4148751106082532,0.25308681344021977
754,0.8122547183572402,0.637209244081578,0.37602168151162674,0.22745703748154134
779,0.09504085256703076,0.9018514550356136,0.7772227816459013,0.8740800937181818
786,0.47137713596801956,0.07549864937793993,0.7084428096618706,0.9837269290305644
747,0.44213161105389776,0.036699004383072276,0.5373885984926707,0.012964092330876698
888,0.9772398305973165,0.6545594209318368,0.9713203861534543,0.856293821155581
643,0.5246573540491347,0.9697715412169906,0.40306667780648353,0.8365723862523247
728,0.09466995729588323,0.9553251851914993,0.17806956653084816,0.6409497141171064
748,0.0940490694998688,0.22234756328903116,0.2698461296420459,0.0881772354444813
763,0.48350195772827886,0.1438333209433934,0.7007011953163256,0.8649346188426666
799,0.7873487759740907,0.44622811716620636,0.03735095163514679,0.4718196915475821
647,0.4068311667021368,0.8243094808734589,0.4612132482841462,0.22839824676594445
788,0.12598525359398627,0.25726956334286444,0.27075060065398104,0.1472638850482022
648,0.49660170255823755,0.8216673069255814,0.8034083919694436,0.1637384139380773
668,0.6654513729473766,0.13571355373430727,0.37615922549337955,0.5301496456764122
673,0.5223443359742928,0.1983366048196853,0.2753802651944416,0.7676949686503489
693,0.7717628075632673,0.9785999370219218,0.015956283271307936,0.5715078273089319
733,0.44972500162651297,0.9907666252842384,0.17763846019837226,0.09413643018157947
657,0.48961379896127666,0.22998150896365865,0.08825523301198845,0.32888353683309124
711,0.08608657871463088,0.5059804522960464,0.7788131459813321,0.8657509768036205
777,0.23944057588935475,0.39630880839030047,0.24830944275305056,0.19076202542327725
790,0.015339251934385678,0.2392817662469897,0.032923459276778644,0.28822430930723775
817,0.6080053064625418,0.4279878118646334,0.9426075707787998,0.26515085681641803
840,0.6896665961117081,0.8914386340425414,0.22806055170194406,0.6665924310596835
844,0.7959128382929137,0.35486181541277506,0.411302899344808,0.7212028975434508
743,0.19903550179047813,0.01802687394694502,0.2956426712174923,0.2958888161228683
663,0.6856154485802104,0.7979843730347708,0.8546747074797193,0.16018472609321444
812,0.8471131338734436,0.869050547413729,0.011700310225235211,0.023573698174735536
730,0.07164711730722284,0.38432476953467387,0.04606748101244529,0.4554120665540917
753,0.38442222259976355,0.6474941336931125,0.3821990579412746,0.3970147058550906
783,0.27627507260628714,0.7526682918865306,0.8161919625580868,0.5326719247017621
666,0.9916374057108993,0.6722470753527784,0.739221948403641,0.6247304110019525
719,0.4710321028287211,0.02473275065784486,0.5644922410644696,0.778282050477604
727,0.1696783827687265,0.6111696627978184,0.9248701223515293,0.9864753276496279
692,0.36676931559586656,0.7468059572492337,0.44917783684004087,0.6725396342763654
794,0.44180437380015736,0.6778850691207068,0.9603096666889646,0.3886574018093144
721,0.7356835198875672,0.8879489781815678,0.29944766901913666,0.1260806649736277
679,0.4870615305635392,0.5970754287345844,0.526831527339265,0.23489500367819394
683,0.8665534475387386,0.3688420319934351,0.4732266465633794,0.6925858911989383
685,0.3383193638503179,0.29122550879095566,0.8715311533493865,0.9688577323589365
687,0.12089234696193185,0.2958668138965196,0.7931695719589993,0.9700125910772589
742,0.37197910285401614,0.6757093918398318,0.21980712086102783,0.5817846287643965
828,0.7391647370006293,0.4097426536328074,0.8105177692833327,0.38401783001281486
883,0.1001774490561429,0.3689362381059833,0.371120958385197,0.2862325836946038
688,0.7602677321184874,0.9975756725286637,0.2591350419092958,0.4454479820022714
772,0.09593931535729217,0.20115679692819088,0.86703915718288,0.890031989944266
816,0.007270098383314605,0.9331795815604166,0.3350921203853955,0.7368247280364876
755,0.7357873735298464,0.00537225728054791,0.6492465674293407,0.3981122887866094
811,0.033461287320059374,0.37578227176148193,0.1392196482207,0.9198259338622206
751,0.00014703933096760213,0.6255640312794184,0.7213462086060274,0.9255330528375852
789,0.3530571594334415,0.03739921175865635,0.710705914367895,0.7183288214790842
694,0.9925658466510404,0.8949020179149303,0.43987627289636466,0.5601543071776897
804,0.4038608981921713,0.4980711161608071,0.4964429610342934,0.187506224750845
815,0.9864379525066813,0.6962642435127102,0.28608149135887706,0.02378346495445438
845,0.09865843836745447,0.9460650829800115,0.8907807800163218,0.18773539821819885
851,0.7099819765433739,0.12120647180667288,0.6135911920436984,0.7103059311916714
699,0.7070576729155347,0.14992117716155218,0.3205848569191726,0.8550860924836339
700,0.07657966466433574,0.05063279223903716,0.12469691521982895,0.6560348697230663
702,0.5388538195383888,0.024690735334771396,0.2829187982220266,0.03674651560549269
859,0.2711487322082068,0.19221004985215184,0.9455967052806097,0.042218831791463796
876,0.7905684885091865,0.403882982167978,0.13486206297795433,0.7665118762027942
718,0.8667600317025067,0.9852214880032373,0.2485940515293047,0.4078444134628748
791,0.15547853080829588,0.4906409977442614,0.9584426050780563,0.48728084818695816
720,0.8539531777805911,0.8827675657136879,0.47052186861428913,0.26701079480308165
710,0.7387918641474588,0.24595173919185076,0.9459462778452741,0.44829305447240253
712,0.3766690097792401,0.4687819337925222,0.48104843113588613,0.6093473140157754
715,0.7369262193840823,0.2616125711328481,0.1910944355232821,0.5573834878637062
835,0.8659658185604031,0.03793079738311922,0.7983109140147583,0.4673217686069251
760,0.323160643088394,0.2345805000879324,0.5237067058478904,0.4036745788861147
731,0.7532311193112317,0.0014039092946678267,0.19117993600325067,0.0024978838686614546
732,0.8482157454504543,0.6097675466924958,0.3316677300802413,0.5107639535745567
739,0.911710974390837,0.1777274689393028,0.9281104523495022,0.9105403675279139
736,0.8996019574423428,0.09366725941419507,0.6096856934776439,0.9680533562758664
877,0.7463625602940592,0.07054781657054765,0.37843082481599777,0.45801429123619386
826,0.2777336868628384,0.6304148676977026,0.6474366707741199,0.9505264821097367
741,0.23083290439801596,0.4364562225599088,0.43183471332397627,0.08994477000345436
830,0.06552460935207072,0.9191157185815385,0.05231332288344814,0.7733830576423756
834,0.4623779130876029,0.024736173829659536,0.31816278295803657,0.5171715300471271
884,0.27379805534557045,0.7745313477293363,0.6614478255624692,0.05234786068862218
746,0.9368954437707073,0.31582116015504424,0.3746333570806628,0.720847699583521
759,0.6702803144828666,0.1714817439717874,0.9811365459020888,0.00034812654126259446
805,0.366127685747922,0.6329279966359295,0.9306927358698277,0.6269078937159515
797,0.0508738881837304,0.2768905174538723,0.7936459229560539,0.8740273309762735
758,0.01904906001812179,0.3181198301166043,0.026457429759591755,0.452100709786567
773,0.18632953837971367,0.616881390508561,0.6191259316895528,0.5841683818214093
832,0.5044257615937029,0.06601572643390108,0.7368801163495464,0.3364105411653602
873,0.9379788760103304,0.08538980864437684,0.25893992382864583,0.17123132227387572
814,0.20033977308554474,0.2543161261476914,0.8885799075336904,0.008256355052070119
827,0.9067209035151793,0.9669946941908919,0.47702854851310605,0.12051888809751932
858,0.6990299420070226,0.44081003628241333,0.6881121349723971,0.3328441028006046
866,0.07848109864535302,0.9125449627286047,0.029228962279647774,0.7297426187273188
872,0.8099420289958305,0.9496284239015689,0.07411977326763852,0.8897130272252198
765,0.9955764966959387,0.6272344368456254,0.947792705028541,0.29137706638209904
766,0.5506249457617529,0.5329004835606957,0.7210344373061427,0.3791361006599343
843,0.9154565057394256,0.6389702274833701,0.7172776949303131,0.8117935576128387
795,0.7145489945728745,0.47351713633911596,0.19490382662107053,0.6301416751181353
837,0.5602172945485665,0.02564267503324391,0.07448541693304744,0.4875419786070191
829,0.8793396012534975,0.7168856564090303,0.01268813003381497,0.5293073918463178
774,0.0378724574364695,0.9540820404628814,0.6608781367297724,0.20806869106809311
787,0.09819109896826861,0.85689405397281,0.6778867766678822,0.26186611304280605
781,0.6832950955636768,0.1786062330103828,0.3312234097545488,0.6172696964938594
808,0.7444058348540448,0.349442739356273,0.7680870432273221,0.4593152264658146
874,0.9691696221701984,0.9470095218884967,0.9312460366924421,0.8198573918372066
796,0.3296764558636174,0.4873688118775732,0.6138360719215695,0.9346043746704296
864,0.8679448468038631,0.606364532890562,0.7184016341122913,0.9393803633896203
820,0.8786321864174714,0.05852640637138273,0.5953193440869499,0.21376027865684033
813,0.06209728952626603,0.3145418310751442,0.7791421901390843,0.31853040585737225
807,0.015237940145741424,0.5487310393617807,0.699990756917562,0.8300409277664696
847,0.04235493054461348,0.9506554632916696,0.619110826306033,0.6477876502062108
846,0.9521608149973722,0.0067570104921843566,0.2315818422727418,0.8649166981025156
861,0.5394612009559325,0.9370362386573703,0.5894113354123509,0.08788482200134506
823,0.022987706417191944,0.5382177715173192,0.8778867601147511,0.7481872922214562
887,0.6212164258897317,0.8526935751239119,0.7016358853682307,0.44273218451410656
848,0.6707821621772316,0.6454575835236789,0.9867606607720263,0.7341977040028532
853,0.7006570489279542,0.30981252169331286,0.5738504624478081,0.3217600125777057
860,0.891264572256699,0.24777981482700584,0.08144192931154293,0.9304870165084315
881,0.5079193247346914,0.24254192160335697,0.7881099270946607,0.3739749275863409
878,0.7333844482165018,0.5217787755788683,0.4573185076606955,0.7127755652136843
880,0.1684101166317341,0.5334005573832156,0.18656654762863023,0.054967774263345315
886,0.3878925011832147,0.7520945395225827,0.7068111360427195,0.6220061731307962
869,0.5912085476148331,0.6995355522413323,0.19185971315593064,0.853538632254771
856,0.16982106511696826,0.2833458368214439,0.9943606845997204,0.3814399639256485
865,0.46975641479243757,0.6478829697993221,0.25662828823497386,0.7552360437603637
875,0.8536268524122119,0.5745924118382254,0.3448793210838409,0.5680711409055892
882,0.6443590895668332,0.39647260168704634,0.3305854672890898,0.6400541076578926
